ticker,feature_date,p_up,p_beat,source,target_date,week_return,excess_return,outcome_up,outcome_beat,made_at
AAPL,2026-10-08,0.52311,0.49761,usual odds,,,,,,2026-10-09T02:09:51+00:00
AMZN,2026-10-08,0.52311,0.49761,usual odds,,,,,,2026-10-09T02:09:51+00:00
GOOGL,2026-10-08,0.52311,0.49761,usual odds,,,,,,2026-10-09T02:09:51+00:00
JPM,2026-10-08,0.52311,0.49761,usual odds,,,,,,2026-10-09T02:09:51+00:00
META,2026-10-08,0.52311,0.49761,usual odds,,,,,,2026-10-09T02:09:51+00:00
MSFT,2026-10-08,0.52311,0.49761,usual odds,,,,,,2026-10-09T02:09:51+00:00
NVDA,2026-10-08,0.52311,0.49761,usual odds,,,,,,2026-10-09T02:09:51+00:00
TSLA,2026-10-08,0.52311,0.49761,usual odds,,,,,,2026-10-09T02:09:51+00:00
UNH,2026-10-08,0.52311,0.49761,usual odds,,,,,,2026-10-09T02:09:51+00:00
XOM,2026-10-08,0.52311,0.49761,usual odds,,,,,,2026-10-09T02:09:51+00:00
